query id,subject id,% identity,alignment length,mismatches,gap opens,q. start,q. end,s. start,s. end,evalue,bit score,subject description
Query_1,gb|MW643362.1|,100.00,152,0,0,1,152,24146,24601,3.75481e-98,303.523,Severe acute respiratory syndrome coronavirus 2 isolate SARS-CoV-2/human/USA/NJ-CDC-LC0012204/2021 ORF1ab polyprotein (ORF1ab): ORF1a polyprotein (ORF1ab): surface glycoprotein (S): ORF3a protein (ORF3a): envelope protein (E): membrane glycoprotein (M): ORF6 protein (ORF6): and ORF7a protein (ORF7a) genes: complete cds; ORF7b (ORF7b) and nucleocapsid phosphoprotein (N) genes: partial cds; and ORF10 protein (ORF10) gene: complete cds,TSGWTFGAGAALQIPFAMQMAYRFNGIGVTQNVLYENQKLIANQFNSAIGKIQDSLSSTASALGKLQDVVNQNAQALNTLVKQLSSNFGAISSVLNDILSRLDKVEAEVQIDRLITGRLQSLQTYVTQQLIRAAEIRASANLAATKMSECVL
Query_1,gb|MW598419.1|,100.00,152,0,0,1,152,24191,24646,3.75497e-98,303.523,Severe acute respiratory syndrome coronavirus 2 isolate SARS-CoV-2/human/GHA/nmimr-SARS-CoV-2-TRA-201/2021: complete genome,TSGWTFGAGAALQIPFAMQMAYRFNGIGVTQNVLYENQKLIANQFNSAIGKIQDSLSSTASALGKLQDVVNQNAQALNTLVKQLSSNFGAISSVLNDILSRLDKVEAEVQIDRLITGRLQSLQTYVTQQLIRAAEIRASANLAATKMSECVL
Query_1,gb|MW966601.1|,100.00,152,0,0,1,152,24206,24661,4.09688e-98,303.523,Severe acute respiratory syndrome coronavirus 2 isolate SARS-CoV-2/human/USA/NJ-CDC-ASC210006113/2021: complete genome,TSGWTFGAGAALQIPFAMQMAYRFNGIGVTQNVLYENQKLIANQFNSAIGKIQDSLSSTASALGKLQDVVNQNAQALNTLVKQLSSNFGAISSVLNDILSRLDKVEAEVQIDRLITGRLQSLQTYVTQQLIRAAEIRASANLAATKMSECVL
Query_1,gb|MW453103.1|,100.00,152,0,0,1,152,24205,24660,4.55726e-98,303.523,Severe acute respiratory syndrome coronavirus 2 isolate SARS-CoV-2/human/USA/CA-LACPHL-AF00089/2020: complete genome,TSGWTFGAGAALQIPFAMQMAYRFNGIGVTQNVLYENQKLIANQFNSAIGKIQDSLSSTASALGKLQDVVNQNAQALNTLVKQLSSNFGAISSVLNDILSRLDKVEAEVQIDRLITGRLQSLQTYVTQQLIRAAEIRASANLAATKMSECVL
Query_1,gb|MN908947.3|,100.00,152,0,0,1,152,24209,24664,4.55731e-98,303.523,Severe acute respiratory syndrome coronavirus 2 isolate Wuhan-Hu-1: complete genome,TSGWTFGAGAALQIPFAMQMAYRFNGIGVTQNVLYENQKLIANQFNSAIGKIQDSLSSTASALGKLQDVVNQNAQALNTLVKQLSSNFGAISSVLNDILSRLDKVEAEVQIDRLITGRLQSLQTYVTQQLIRAAEIRASANLAATKMSECVL
Query_1,gb|MW850639.1|,100.00,152,0,0,1,152,24140,24595,5.47759e-98,303.138,Severe acute respiratory syndrome coronavirus 2 isolate SARS-CoV-2/human/USA/VA-DCLS-3388/2021: complete genome,TSGWTFGAGAALQIPFAMQMAYRFNGIGVTQNVLYENQKLIANQFNSAIGKIQDSLSSTASALGKLQDVVNQNAQALNTLVKQLSSNFGAISSVLNDILSRLDKVEAEVQIDRLITGRLQSLQTYVTQQLIRAAEIRASANLAATKMSECVL
Query_1,gb|MZ344997.1|,99.34,152,1,0,1,152,24137,24592,1.05808e-97,302.368,Severe acute respiratory syndrome coronavirus 2 isolate SARS-CoV-2/human/England/204820464/2020 ORF1ab polyprotein (ORF1ab): ORF1a polyprotein (ORF1ab): surface glycoprotein (S): ORF3a protein (ORF3a): envelope protein (E): membrane glycoprotein (M): ORF6 protein (ORF6): ORF7a protein (ORF7a): ORF7b (ORF7b): truncated ORF8 protein (ORF8): nucleocapsid phosphoprotein (N): and ORF10 protein (ORF10) genes: complete cds,TSGWTFGAGAALQIPFAMQMAYRFNGIGVTQNVLYENQKLIANQFNSAIGKIQDSLSSTASALGKLQDVVNQNAQALNTLVKQLSSNFGAISSVLNDILARLDKVEAEVQIDRLITGRLQSLQTYVTQQLIRAAEIRASANLAATKMSECVL
Query_1,gb|MW523796.1|,99.34,152,1,0,1,152,24175,24630,2.95301e-97,301.212,Severe acute respiratory syndrome coronavirus 2 isolate SARS-CoV-2/human/USA/CA-CDC-STM-A100335/2021 ORF1ab polyprotein (ORF1ab) gene: partial cds; ORF1a polyprotein (ORF1ab) gene: complete cds; surface glycoprotein (S) gene: partial cds; ORF3a protein (ORF3a): envelope protein (E): membrane glycoprotein (M): and ORF6 protein (ORF6) genes: complete cds; ORF7a protein (ORF7a) and ORF7b (ORF7b) genes: partial cds; and ORF8 protein (ORF8): nucleocapsid phosphoprotein (N): and ORF10 protein (ORF10) genes: complete cds,TSGWTFGAGAALQIPFAMQMAYRFNGIGVTQNVLYENQKLIANQFNSAIGKIQDSLFSTASALGKLQDVVNQNAQALNTLVKQLSSNFGAISSVLNDILSRLDKVEAEVQIDRLITGRLQSLQTYVTQQLIRAAEIRASANLAATKMSECVL
Query_1,gb|MZ169911.1|,99.34,152,1,0,1,152,24209,24664,3.01078e-97,301.212,Severe acute respiratory syndrome coronavirus 2 isolate SARS-CoV-2/human/BRA/1236/2021: complete genome,TSGWTFGAGAALQIPFAMQMAYRFNGIGVTQNVLYENQKLIANQFNSAIGKIQDSLSSTASALGKLQDVVNQNAQALNTLVKQLSSNFGAISSVLNDILSRLDKVEAEVQIDRLITGRLQSLQTYVTQQLIRAAEIRASANLAAIKMSECVL
Query_1,gb|MZ359841.1|,99.34,152,1,0,1,152,24153,24608,3.06956e-97,301.212,Severe acute respiratory syndrome coronavirus 2 isolate SARS-CoV-2/human/IND/GBRC711/2021 ORF1ab polyprotein (ORF1ab): ORF1a polyprotein (ORF1ab): surface glycoprotein (S): ORF3a protein (ORF3a): envelope protein (E): membrane glycoprotein (M): ORF6 protein (ORF6): ORF7a protein (ORF7a): and ORF7b (ORF7b) genes: complete cds; ORF8 gene: complete sequence; and nucleocapsid phosphoprotein (N) and ORF10 protein (ORF10) genes: complete cds,TSGWTFGAGAALQIPFAMQMAYRFNGIGVTQNVLYENQKLIANQFNSAIGKIQDSLSSTASALGKLQNVVNQNAQALNTLVKQLSSNFGAISSVLNDILSRLDKVEAEVQIDRLITGRLQSLQTYVTQQLIRAAEIRASANLAATKMSECVL
Query_1,gb|MW560924.1|,99.34,152,1,0,1,152,24169,24624,3.83521e-97,300.827,Severe acute respiratory syndrome coronavirus 2 isolate SARS-CoV-2/human/USA/CA-LACPHL-AF00280/2021: complete genome,TSGWTLGAGAALQIPFAMQMAYRFNGIGVTQNVLYENQKLIANQFNSAIGKIQDSLSSTASALGKLQDVVNQNAQALNTLVKQLSSNFGAISSVLNDILSRLDKVEAEVQIDRLITGRLQSLQTYVTQQLIRAAEIRASANLAATKMSECVL
Query_1,gb|ON373214.1|,98.68,152,2,0,1,152,24137,24592,7.70094e-97,300.056,Severe acute respiratory syndrome coronavirus 2 isolate SARS-CoV-2/human/USA/PA-CDC-LC0583069/2022: complete genome,TSGWTFGAGAALQIPFAMQMAYRFNGIGVTQNVLYENQKLIANQFNSAIGKIQDSLSSTASALGKLQDVVNHNAQALNTLVKQLSSKFGAISSVLNDILSRLDKVEAEVQIDRLITGRLQSLQTYVTQQLIRAAEIRASANLAATKMSECVL
Query_1,gb|ON249995.1|,98.68,152,2,0,1,152,24135,24590,7.70095e-97,300.056,Severe acute respiratory syndrome coronavirus 2 isolate SARS-CoV-2/human/USA/MI-CDC-ASC210848963/2022: complete genome,TSGWTFGAGAALQIPFAMQMAYRFNGIGVTQNVLYENQKLIANQFNSAIGKIQDSLSSTASALGKLQDVVNHNAQALNTLVKQLSSKFGAISSVLNDILSRLDKVEAEVQIDRLITGRLQSLQTYVTQQLIRAAEIRASANLAATKMSECVL
Query_1,gb|OM685375.1|,98.68,152,2,0,1,152,24191,24646,7.70121e-97,300.056,Severe acute respiratory syndrome coronavirus 2 isolate SARS-CoV-2/human/USA/NY-CDC-STM-JZW2JVBAH/2022: complete genome,TSGWTFGAGAALQIPFAMQMAYRFNGIGVTQNVLYENQKLIANQFNSAIGKIQDSLSSTASALGKLQDVVNHNAQALNTLVKQLSSKFGAISSVLNDILSRLDKVEAEVQIDRLITGRLQSLQTYVTQQLIRAAEIRASANLAATKMSECVL
Query_1,gb|OL672836.1|,98.03,152,3,0,1,152,24134,24589,1.75375e-96,298.901,Severe acute respiratory syndrome coronavirus 2 isolate SARS-CoV-2/human/BEL/rega-20174/2021: complete genome,TSGWTFGAGAALQIPFAMQMAYRFNGIGVTQNVLYENQKLIANQFNSAIGKIQDSLSSTASALGKLQDVVNHNAQALNTLVKQLSSKFGAISSVLNDIFSRLDKVEAEVQIDRLITGRLQSLQTYVTQQLIRAAEIRASANLAATKMSECVL